{
  "semester": {
    "precision": 1.0,
    "recall": 0.5,
    "f1-score": 0.6666666666666666,
    "support": 4,
    "confused_with": {}
  },
  "user_name": {
    "precision": 0.0,
    "recall": 0.0,
    "f1-score": 0.0,
    "support": 2,
    "confused_with": {}
  },
  "grad_studies_type": {
    "precision": 0.0,
    "recall": 0.0,
    "f1-score": 0.0,
    "support": 3,
    "confused_with": {}
  },
  "academic_year": {
    "precision": 1.0,
    "recall": 0.5,
    "f1-score": 0.6666666666666666,
    "support": 2,
    "confused_with": {}
  },
  "exam_period": {
    "precision": 1.0,
    "recall": 0.3333333333333333,
    "f1-score": 0.5,
    "support": 3,
    "confused_with": {}
  },
  "micro avg": {
    "precision": 1.0,
    "recall": 0.2857142857142857,
    "f1-score": 0.4444444444444445,
    "support": 14
  },
  "macro avg": {
    "precision": 0.6,
    "recall": 0.26666666666666666,
    "f1-score": 0.36666666666666664,
    "support": 14
  },
  "weighted avg": {
    "precision": 0.6428571428571429,
    "recall": 0.2857142857142857,
    "f1-score": 0.39285714285714285,
    "support": 14
  },
  "accuracy": 0.8850574712643678
}