{
  "semester": {
    "precision": 1.0,
    "recall": 0.5,
    "f1-score": 0.6666666666666666,
    "support": 2,
    "confused_with": {}
  },
  "grad_studies_type": {
    "precision": 1.0,
    "recall": 0.5,
    "f1-score": 0.6666666666666666,
    "support": 2,
    "confused_with": {}
  },
  "user_name": {
    "precision": 0.0,
    "recall": 0.0,
    "f1-score": 0.0,
    "support": 2,
    "confused_with": {}
  },
  "exam_period": {
    "precision": 1.0,
    "recall": 0.3333333333333333,
    "f1-score": 0.5,
    "support": 3,
    "confused_with": {}
  },
  "academic_year": {
    "precision": 0.5,
    "recall": 1.0,
    "f1-score": 0.6666666666666666,
    "support": 1,
    "confused_with": {}
  },
  "num_of_announcements": {
    "precision": 0.0,
    "recall": 0.0,
    "f1-score": 0.0,
    "support": 1,
    "confused_with": {
      "academic_year": 1
    }
  },
  "micro avg": {
    "precision": 0.8,
    "recall": 0.36363636363636365,
    "f1-score": 0.5000000000000001,
    "support": 11
  },
  "macro avg": {
    "precision": 0.5833333333333334,
    "recall": 0.38888888888888884,
    "f1-score": 0.4166666666666667,
    "support": 11
  },
  "weighted avg": {
    "precision": 0.6818181818181818,
    "recall": 0.36363636363636365,
    "f1-score": 0.4393939393939394,
    "support": 11
  },
  "accuracy": 0.9333333333333333
}