{
  "config1_pipeline": [
    [
      0.7368055555555555,
      0.2005952380952381
    ],
    [
      0.6245039682539683,
      0.29262820512820514
    ]
  ],
  "config2_pipeline": [
    [
      0.8947916666666668,
      0.6081349206349207
    ],
    [
      0.6699269480519481,
      0.38918650793650794
    ]
  ],
  "config3_pipeline": [
    [
      0.6258049242424243,
      0.47111742424242425
    ],
    [
      0.5841765873015874,
      0.564310515873016
    ]
  ]
}