{
  "config1_pipeline": [
    [
      0.5173067076292883,
      0.12186379928315412
    ],
    [
      0.6032258064516128,
      0.10076804915514594
    ]
  ],
  "config2_pipeline": [
    [
      0.6362007168458781,
      0.38970814132104453
    ],
    [
      0.7754224270353303,
      0.48325652841781874
    ]
  ],
  "config3_pipeline": [
    [
      0.5499092305543919,
      0.483088954056696
    ],
    [
      0.5719662058371736,
      0.3775590001396453
    ]
  ]
}