{
  "utter_cheer_up": {
    "precision": 1.0,
    "recall": 1.0,
    "f1-score": 1.0,
    "support": 1
  },
  "utter_happy": {
    "precision": 1.0,
    "recall": 1.0,
    "f1-score": 1.0,
    "support": 2
  },
  "utter_greet": {
    "precision": 1.0,
    "recall": 1.0,
    "f1-score": 1.0,
    "support": 3
  },
  "action_hello_world": {
    "precision": 1.0,
    "recall": 1.0,
    "f1-score": 1.0,
    "support": 1
  },
  "action_listen": {
    "precision": 0.8888888888888888,
    "recall": 1.0,
    "f1-score": 0.9411764705882353,
    "support": 8
  },
  "utter_goodbye": {
    "precision": 1.0,
    "recall": 1.0,
    "f1-score": 1.0,
    "support": 1
  },
  "utter_did_that_help": {
    "precision": 1.0,
    "recall": 0.5,
    "f1-score": 0.6666666666666666,
    "support": 2
  },
  "accuracy": 0.9444444444444444,
  "macro avg": {
    "precision": 0.9841269841269842,
    "recall": 0.9285714285714286,
    "f1-score": 0.9439775910364147,
    "support": 18
  },
  "weighted avg": {
    "precision": 0.9506172839506173,
    "recall": 0.9444444444444444,
    "f1-score": 0.9368191721132898,
    "support": 18
  },
  "conversation_accuracy": {
    "accuracy": 0.6666666666666666,
    "correct": 2,
    "with_warnings": 0,
    "total": 3
  }
}